id;hash_code;code;serial;name;description;icon;media_path;original_price;price;publish_date;start_date;expire_date;use_guide;terms;tags;status;user_id
1;magenta;incentivize Solutions;auxiliary;capacity Savings;Consultant;Avon Liaison;Chips overriding visualize;27093;65999;2021-06-03T09:25:57;2021-06-03T07:34:20;2021-06-03T07:49:13;encryption New Consultant;defect Wooden;Configurable;SOLD;deposit Bike
2;AI Integration teal;District Table Djibouti;Borders;Shoes HDD;invoice;Clothing;THX;10091;74011;2021-06-03T05:49:37;2021-06-02T16:19:04;2021-06-03T07:32:54;Congo SQL;Officer Oregon Horizontal;Bedfordshire;ACTIVATED;Frozen collaborative
3;Michigan Executive project;back-end;Infrastructure Vermont;Nam Borders synthesize;Loan;Small Interface;Campuchia Massachusetts open-source;20593;8347;2021-06-02T22:59:37;2021-06-02T22:29:35;2021-06-02T22:06:10;Investor;Markets Borders;Garden Dynamic Ergonomic;SOLD;Metal calculate evol
4;Stand-alone e-services repurpose;Distributed;Movies bypass;Central port;Cambridgeshire sensor;back-end Mississippi neutral;microchip;20349;32932;2021-06-03T12:37:41;2021-06-03T12:49:18;2021-06-02T17:53:19;parsing program International;Direct deposit;red Platinum;ACTIVATED;Ecuador Home
5;real-time Assimilated Shirt;Fresh cross-media PCI;Center;Architect;haptic;mobile;TCP;56295;6814;2021-06-03T08:43:03;2021-06-02T16:38:13;2021-06-03T01:52:32;Legacy monitor intermediate;Usability Fish bandwidth;Unbranded Turkmenistan;DEACTIVATED;Lead Metal
6;payment Distributed;Nga;Handmade;hacking Frozen;Plastic;Brand teal grey;backing;63053;39100;2021-06-02T15:44:23;2021-06-03T12:52:29;2021-06-03T02:08:20;Dominica Home;redundant redundant;Frozen intangible;EXPIRED;Salad Chair
7;Cambridgeshire;back hub;Michigan;Wooden salmon;architecture Principal;sensor synergy neutral;killer Fully-configurable invoice;31046;30123;2021-06-03T01:25:05;2021-06-03T05:23:09;2021-06-03T07:09:40;Digitized purple;Global transmit;Plastic context-sensitive;DEACTIVATED;Fish
8;Corporate Self-enabling Unbranded;Fish;matrices withdrawal Specialist;Panama experiences Account;bypassing Configuration;Legacy;Shirt expedite Developer;88037;60976;2021-06-03T14:26:39;2021-06-03T04:22:38;2021-06-03T11:36:21;Mississippi Buckinghamshire;Dinar front-end initiatives;navigating Kuwaiti azure;EXPIRED;Cliffs RAM
9;Developer Credit;Baby fuchsia Grocery;Forint;Georgia Shoes;impactful ROI Dram;Account Kentucky;experiences drive;5989;9317;2021-06-03T04:15:46;2021-06-03T02:33:39;2021-06-03T00:01:26;Granite Louisiana;system-worthy Account;Gloves Shoes;SOLD;Granite up
10;Accountability Coordinator Consultant;synthesize;synthesize Concrete;Colorado Dinar parse;Strategist;Shoes Total Borders;Stand-alone synergies synthesize;70044;9794;2021-06-02T21:20:41;2021-06-03T09:46:54;2021-06-02T15:48:37;Data Movies;Pizza Bedfordshire;system-worthy EXE calculating;ACTIVATED;sensor
